{
  "last_node_id": 224,
  "last_link_id": 441,
  "nodes": [
    {
      "id": 119,
      "type": "MaskPreview+",
      "pos": [
        1536,
        891
      ],
      "size": {
        "0": 210,
        "1": 246
      },
      "flags": {},
      "order": 11,
      "mode": 0,
      "inputs": [
        {
          "name": "mask",
          "type": "MASK",
          "link": 438
        }
      ],
      "properties": {
        "Node name for S&R": "MaskPreview+"
      },
      "color": "#322",
      "bgcolor": "#533"
    },
    {
      "id": 25,
      "type": "PreviewImage",
      "pos": [
        1761,
        903
      ],
      "size": {
        "0": 341.576171875,
        "1": 364.86810302734375
      },
      "flags": {},
      "order": 23,
      "mode": 0,
      "inputs": [
        {
          "name": "images",
          "type": "IMAGE",
          "link": 394
        }
      ],
      "properties": {
        "Node name for S&R": "PreviewImage"
      },
      "color": "#432",
      "bgcolor": "#653"
    },
    {
      "id": 186,
      "type": "GetImageSize",
      "pos": [
        9,
        905
      ],
      "size": {
        "0": 210,
        "1": 46
      },
      "flags": {},
      "order": 6,
      "mode": 0,
      "inputs": [
        {
          "name": "image",
          "type": "IMAGE",
          "link": 363
        }
      ],
      "outputs": [
        {
          "name": "width",
          "type": "INT",
          "links": [
            364
          ],
          "shape": 3,
          "slot_index": 0
        },
        {
          "name": "height",
          "type": "INT",
          "links": [
            365
          ],
          "shape": 3,
          "slot_index": 1
        }
      ],
      "properties": {
        "Node name for S&R": "GetImageSize"
      }
    },
    {
      "id": 175,
      "type": "LoadImage",
      "pos": [
        252,
        900
      ],
      "size": {
        "0": 235.80010986328125,
        "1": 333.0002746582031
      },
      "flags": {},
      "order": 0,
      "mode": 0,
      "outputs": [
        {
          "name": "IMAGE",
          "type": "IMAGE",
          "links": [
            384
          ],
          "shape": 3,
          "slot_index": 0
        },
        {
          "name": "MASK",
          "type": "MASK",
          "links": null,
          "shape": 3
        }
      ],
      "title": "Load Image(controlnet)",
      "properties": {
        "Node name for S&R": "LoadImage"
      },
      "widgets_values": [
        "pose7687682 (1).png",
        "image"
      ]
    },
    {
      "id": 217,
      "type": "ConditioningCombine",
      "pos": [
        41,
        795
      ],
      "size": {
        "0": 342.5999755859375,
        "1": 46
      },
      "flags": {},
      "order": 20,
      "mode": 0,
      "inputs": [
        {
          "name": "conditioning_1",
          "type": "CONDITIONING",
          "link": 416
        },
        {
          "name": "conditioning_2",
          "type": "CONDITIONING",
          "link": 417
        }
      ],
      "outputs": [
        {
          "name": "CONDITIONING",
          "type": "CONDITIONING",
          "links": [
            418
          ],
          "shape": 3,
          "slot_index": 0
        }
      ],
      "properties": {
        "Node name for S&R": "ConditioningCombine"
      }
    },
    {
      "id": 214,
      "type": "ConditioningCombine",
      "pos": [
        33,
        705
      ],
      "size": {
        "0": 342.5999755859375,
        "1": 46
      },
      "flags": {},
      "order": 19,
      "mode": 0,
      "inputs": [
        {
          "name": "conditioning_1",
          "type": "CONDITIONING",
          "link": 410
        },
        {
          "name": "conditioning_2",
          "type": "CONDITIONING",
          "link": 411
        }
      ],
      "outputs": [
        {
          "name": "CONDITIONING",
          "type": "CONDITIONING",
          "links": [
            417
          ],
          "shape": 3,
          "slot_index": 0
        }
      ],
      "properties": {
        "Node name for S&R": "ConditioningCombine"
      }
    },
    {
      "id": 198,
      "type": "workflow/controlnet",
      "pos": [
        514,
        901
      ],
      "size": {
        "0": 317.4000244140625,
        "1": 102
      },
      "flags": {},
      "order": 21,
      "mode": 0,
      "inputs": [
        {
          "name": "conditioning",
          "type": "CONDITIONING",
          "link": 418
        },
        {
          "name": "image",
          "type": "IMAGE",
          "link": 384
        }
      ],
      "outputs": [
        {
          "name": "CONDITIONING",
          "type": "CONDITIONING",
          "links": [
            382
          ],
          "shape": 3
        }
      ],
      "properties": {
        "Node name for S&R": "workflow/controlnet"
      },
      "widgets_values": [
        "control_v11p_sd15_openpose.pth",
        1
      ]
    },
    {
      "id": 165,
      "type": "ApplyRegionalIPAdapters //Inspire",
      "pos": [
        1761,
        101
      ],
      "size": {
        "0": 294,
        "1": 106
      },
      "flags": {},
      "order": 18,
      "mode": 0,
      "inputs": [
        {
          "name": "ipadapter_pipe",
          "type": "IPADAPTER_PIPE",
          "link": 353
        },
        {
          "name": "regional_ipadapter1",
          "type": "REGIONAL_IPADAPTER",
          "link": 359
        },
        {
          "name": "regional_ipadapter2",
          "type": "REGIONAL_IPADAPTER",
          "link": 434
        },
        {
          "name": "regional_ipadapter3",
          "type": "REGIONAL_IPADAPTER",
          "link": 441
        },
        {
          "name": "regional_ipadapter4",
          "type": "REGIONAL_IPADAPTER",
          "link": null
        }
      ],
      "outputs": [
        {
          "name": "MODEL",
          "type": "MODEL",
          "links": [
            336
          ],
          "shape": 3,
          "slot_index": 0
        }
      ],
      "properties": {
        "Node name for S&R": "ApplyRegionalIPAdapters //Inspire"
      }
    },
    {
      "id": 210,
      "type": "RegionalConditioningColorMask //Inspire",
      "pos": [
        22,
        273
      ],
      "size": {
        "0": 378,
        "1": 168
      },
      "flags": {},
      "order": 16,
      "mode": 0,
      "inputs": [
        {
          "name": "clip",
          "type": "CLIP",
          "link": 423
        },
        {
          "name": "color_mask",
          "type": "IMAGE",
          "link": 420
        }
      ],
      "outputs": [
        {
          "name": "CONDITIONING",
          "type": "CONDITIONING",
          "links": [
            410
          ],
          "shape": 3,
          "slot_index": 0
        },
        {
          "name": "MASK",
          "type": "MASK",
          "links": null,
          "shape": 3
        }
      ],
      "properties": {
        "Node name for S&R": "RegionalConditioningColorMask //Inspire"
      },
      "widgets_values": [
        "#00FF00",
        1,
        "default",
        "1girl wearing white_wedding_dress"
      ],
      "color": "#232",
      "bgcolor": "#353"
    },
    {
      "id": 116,
      "type": "MaskPreview+",
      "pos": [
        1528,
        550
      ],
      "size": {
        "0": 210,
        "1": 246
      },
      "flags": {},
      "order": 13,
      "mode": 0,
      "inputs": [
        {
          "name": "mask",
          "type": "MASK",
          "link": 435
        }
      ],
      "properties": {
        "Node name for S&R": "MaskPreview+"
      },
      "color": "#232",
      "bgcolor": "#353"
    },
    {
      "id": 139,
      "type": "LoadImage",
      "pos": [
        499,
        565
      ],
      "size": [
        281.20013427734375,
        314
      ],
      "flags": {},
      "order": 1,
      "mode": 0,
      "outputs": [
        {
          "name": "IMAGE",
          "type": "IMAGE",
          "links": [
            318,
            363,
            419,
            420,
            421,
            436,
            440
          ],
          "shape": 3,
          "slot_index": 0
        },
        {
          "name": "MASK",
          "type": "MASK",
          "links": null,
          "shape": 3
        }
      ],
      "title": "Load Image(colormask)",
      "properties": {
        "Node name for S&R": "LoadImage"
      },
      "widgets_values": [
        "pose768fullbody (1).png",
        "image"
      ]
    },
    {
      "id": 118,
      "type": "MaskPreview+",
      "pos": [
        1535,
        190
      ],
      "size": {
        "0": 210,
        "1": 246
      },
      "flags": {},
      "order": 12,
      "mode": 0,
      "inputs": [
        {
          "name": "mask",
          "type": "MASK",
          "link": 321
        }
      ],
      "properties": {
        "Node name for S&R": "MaskPreview+"
      },
      "color": "#223",
      "bgcolor": "#335"
    },
    {
      "id": 218,
      "type": "workflow/GreenAreaIPA",
      "pos": [
        1130,
        530
      ],
      "size": {
        "0": 367.79998779296875,
        "1": 294
      },
      "flags": {},
      "order": 9,
      "mode": 0,
      "inputs": [
        {
          "name": "image",
          "type": "IMAGE",
          "link": 439
        },
        {
          "name": "color_mask",
          "type": "IMAGE",
          "link": 440
        }
      ],
      "outputs": [
        {
          "name": "REGIONAL_IPADAPTER",
          "type": "REGIONAL_IPADAPTER",
          "links": [
            434
          ],
          "shape": 3,
          "slot_index": 0
        },
        {
          "name": "MASK",
          "type": "MASK",
          "links": [
            435
          ],
          "shape": 3,
          "slot_index": 1
        }
      ],
      "properties": {
        "Node name for S&R": "workflow/GreenAreaIPA"
      },
      "widgets_values": [
        "LANCZOS",
        "top",
        0,
        "#00FF00",
        1,
        0.1,
        "linear",
        0.001,
        1,
        false
      ],
      "color": "#232",
      "bgcolor": "#353"
    },
    {
      "id": 180,
      "type": "KSampler (Efficient)",
      "pos": [
        1778,
        288
      ],
      "size": {
        "0": 325,
        "1": 562
      },
      "flags": {},
      "order": 22,
      "mode": 0,
      "inputs": [
        {
          "name": "model",
          "type": "MODEL",
          "link": 336
        },
        {
          "name": "positive",
          "type": "CONDITIONING",
          "link": 382
        },
        {
          "name": "negative",
          "type": "CONDITIONING",
          "link": 338
        },
        {
          "name": "latent_image",
          "type": "LATENT",
          "link": 335
        },
        {
          "name": "optional_vae",
          "type": "VAE",
          "link": 339
        },
        {
          "name": "script",
          "type": "SCRIPT",
          "link": null
        }
      ],
      "outputs": [
        {
          "name": "MODEL",
          "type": "MODEL",
          "links": [],
          "shape": 3,
          "slot_index": 0
        },
        {
          "name": "CONDITIONING+",
          "type": "CONDITIONING",
          "links": [],
          "shape": 3,
          "slot_index": 1
        },
        {
          "name": "CONDITIONING-",
          "type": "CONDITIONING",
          "links": [],
          "shape": 3,
          "slot_index": 2
        },
        {
          "name": "LATENT",
          "type": "LATENT",
          "links": null,
          "shape": 3
        },
        {
          "name": "VAE",
          "type": "VAE",
          "links": [],
          "shape": 3,
          "slot_index": 4
        },
        {
          "name": "IMAGE",
          "type": "IMAGE",
          "links": [
            394
          ],
          "shape": 3,
          "slot_index": 5
        }
      ],
      "properties": {
        "Node name for S&R": "KSampler (Efficient)"
      },
      "widgets_values": [
        -1,
        null,
        30,
        7,
        "dpmpp_2m",
        "karras",
        1,
        "auto",
        "true"
      ],
      "color": "#ffffff",
      "bgcolor": "#ffffff",
      "shape": 1
    },
    {
      "id": 222,
      "type": "Note",
      "pos": [
        520,
        1056
      ],
      "size": {
        "0": 315.47601318359375,
        "1": 109.25291442871094
      },
      "flags": {},
      "order": 2,
      "mode": 0,
      "properties": {
        "text": ""
      },
      "widgets_values": [
        "色塊分為綠色、紅色、藍色三個色塊，紅色代表男生、綠色代表女生，藍色代表背景，使用ipa-face系列模組的時候背景基本會失效但會產生婚紗和西裝，使用plus模組的時候指定的婚紗和西裝會失效，而依賴於人物本來的衣物搭配背景打扮。\n婚紗及西裝可以透過修改紅色和藍色的條件改變。\n"
      ],
      "color": "#ffffff",
      "bgcolor": "#ffffff"
    },
    {
      "id": 78,
      "type": "LoadImage",
      "pos": [
        863,
        879
      ],
      "size": {
        "0": 244.199951171875,
        "1": 314
      },
      "flags": {},
      "order": 3,
      "mode": 0,
      "outputs": [
        {
          "name": "IMAGE",
          "type": "IMAGE",
          "links": [
            437
          ],
          "shape": 3,
          "slot_index": 0
        },
        {
          "name": "MASK",
          "type": "MASK",
          "links": null,
          "shape": 3
        }
      ],
      "title": "Load Image(boy)",
      "properties": {
        "Node name for S&R": "LoadImage"
      },
      "widgets_values": [
        "ff (4).png",
        "image"
      ],
      "color": "#322",
      "bgcolor": "#533"
    },
    {
      "id": 183,
      "type": "LoadImage",
      "pos": [
        854,
        150
      ],
      "size": {
        "0": 253.39938354492188,
        "1": 314
      },
      "flags": {},
      "order": 4,
      "mode": 0,
      "outputs": [
        {
          "name": "IMAGE",
          "type": "IMAGE",
          "links": [
            352
          ],
          "shape": 3
        },
        {
          "name": "MASK",
          "type": "MASK",
          "links": null,
          "shape": 3
        }
      ],
      "title": "Load Image(background)",
      "properties": {
        "Node name for S&R": "LoadImage"
      },
      "widgets_values": [
        "00049-3036796834.png",
        "image"
      ],
      "color": "#223",
      "bgcolor": "#335"
    },
    {
      "id": 77,
      "type": "LoadImage",
      "pos": [
        853,
        518
      ],
      "size": {
        "0": 251.78768920898438,
        "1": 314
      },
      "flags": {},
      "order": 5,
      "mode": 0,
      "outputs": [
        {
          "name": "IMAGE",
          "type": "IMAGE",
          "links": [
            439
          ],
          "shape": 3,
          "slot_index": 0
        },
        {
          "name": "MASK",
          "type": "MASK",
          "links": null,
          "shape": 3
        }
      ],
      "title": "Load Image(Girl)",
      "properties": {
        "Node name for S&R": "LoadImage"
      },
      "widgets_values": [
        "頭貼 (10).png",
        "image"
      ],
      "color": "#232",
      "bgcolor": "#353"
    },
    {
      "id": 179,
      "type": "workflow/IPadapterpipeloader",
      "pos": [
        850,
        23
      ],
      "size": {
        "0": 382.2281494140625,
        "1": 82
      },
      "flags": {},
      "order": 14,
      "mode": 0,
      "inputs": [
        {
          "name": "model",
          "type": "MODEL",
          "link": 331
        }
      ],
      "outputs": [
        {
          "name": "IPADAPTER_PIPE",
          "type": "IPADAPTER_PIPE",
          "links": [
            353
          ],
          "shape": 3,
          "slot_index": 0
        }
      ],
      "properties": {
        "Node name for S&R": "workflow/IPadapterpipeloader"
      },
      "widgets_values": [
        "CLIP-ViT-H-14-laion2B-s32B-b79K .safetensors",
        "ip-adapter-plus_sd15.safetensors"
      ]
    },
    {
      "id": 176,
      "type": "Efficient Loader",
      "pos": [
        431,
        34
      ],
      "size": {
        "0": 380.87579345703125,
        "1": 510
      },
      "flags": {},
      "order": 10,
      "mode": 0,
      "inputs": [
        {
          "name": "lora_stack",
          "type": "LORA_STACK",
          "link": null
        },
        {
          "name": "cnet_stack",
          "type": "CONTROL_NET_STACK",
          "link": null,
          "slot_index": 1
        },
        {
          "name": "empty_latent_width",
          "type": "INT",
          "link": 364,
          "widget": {
            "name": "empty_latent_width"
          }
        },
        {
          "name": "empty_latent_height",
          "type": "INT",
          "link": 365,
          "widget": {
            "name": "empty_latent_height"
          }
        }
      ],
      "outputs": [
        {
          "name": "MODEL",
          "type": "MODEL",
          "links": [
            331
          ],
          "shape": 3,
          "slot_index": 0
        },
        {
          "name": "CONDITIONING+",
          "type": "CONDITIONING",
          "links": [],
          "shape": 3,
          "slot_index": 1
        },
        {
          "name": "CONDITIONING-",
          "type": "CONDITIONING",
          "links": [
            338
          ],
          "shape": 3,
          "slot_index": 2
        },
        {
          "name": "LATENT",
          "type": "LATENT",
          "links": [
            335
          ],
          "shape": 3,
          "slot_index": 3
        },
        {
          "name": "VAE",
          "type": "VAE",
          "links": [
            339
          ],
          "shape": 3,
          "slot_index": 4
        },
        {
          "name": "CLIP",
          "type": "CLIP",
          "links": [
            422,
            423,
            424
          ],
          "shape": 3,
          "slot_index": 5
        },
        {
          "name": "DEPENDENCIES",
          "type": "DEPENDENCIES",
          "links": null,
          "shape": 3
        }
      ],
      "properties": {
        "Node name for S&R": "Efficient Loader"
      },
      "widgets_values": [
        "henmixReal_v5c.safetensors",
        "Baked VAE",
        -1,
        "add_detail.safetensors",
        1,
        1,
        "",
        "(deformed iris, deformed pupils, semi-realistic, cgi, 3d, render, sketch), text, close up, cropped, out of frame, worst quality, low quality, jpeg artifacts, ugly, duplicate, morbid, mutilated, extra fingers, mutated hands, poorly drawn hands, poorly drawn face, mutation, deformed, blurry, dehydrated, bad anatomy, bad proportions, extra limbs, cloned face, disfigured, gross proportions, malformed limbs, missing arms, missing legs, extra arms, extra legs, fused fingers, too many fingers, long neck, cropped, zoomed in, deformed arms, long hair, bra, bad hands, extra hands, bad fingers, paintings, sketches, (worst quality:2), (low quality:2), (normal quality:2), lowres, normal quality, ((monochrome)), ((grayscale)), skin spots, acnes, skin blemishes, age spot, glans, multiple characters, (big breasts:1.1), ",
        "length+mean",
        "comfy++",
        512,
        704,
        1
      ],
      "color": "#ffffff",
      "bgcolor": "#ffffff",
      "shape": 1
    },
    {
      "id": 172,
      "type": "RegionalIPAdapterColorMask //Inspire",
      "pos": [
        1134,
        192
      ],
      "size": {
        "0": 367.79998779296875,
        "1": 222
      },
      "flags": {},
      "order": 8,
      "mode": 0,
      "inputs": [
        {
          "name": "color_mask",
          "type": "IMAGE",
          "link": 318
        },
        {
          "name": "image",
          "type": "IMAGE",
          "link": 352,
          "slot_index": 1
        }
      ],
      "outputs": [
        {
          "name": "REGIONAL_IPADAPTER",
          "type": "REGIONAL_IPADAPTER",
          "links": [
            359
          ],
          "shape": 3,
          "slot_index": 0
        },
        {
          "name": "MASK",
          "type": "MASK",
          "links": [
            317,
            321
          ],
          "shape": 3,
          "slot_index": 1
        }
      ],
      "properties": {
        "Node name for S&R": "RegionalIPAdapterColorMask //Inspire"
      },
      "widgets_values": [
        "#0000ff",
        0.9,
        0.3,
        "channel penalty",
        0.001,
        1,
        false
      ],
      "color": "#223",
      "bgcolor": "#335"
    },
    {
      "id": 211,
      "type": "RegionalConditioningColorMask //Inspire",
      "pos": [
        11,
        33
      ],
      "size": {
        "0": 397.5000305175781,
        "1": 189.80026245117188
      },
      "flags": {},
      "order": 17,
      "mode": 0,
      "inputs": [
        {
          "name": "clip",
          "type": "CLIP",
          "link": 424
        },
        {
          "name": "color_mask",
          "type": "IMAGE",
          "link": 421
        }
      ],
      "outputs": [
        {
          "name": "CONDITIONING",
          "type": "CONDITIONING",
          "links": [
            416
          ],
          "shape": 3,
          "slot_index": 0
        },
        {
          "name": "MASK",
          "type": "MASK",
          "links": null,
          "shape": 3
        }
      ],
      "properties": {
        "Node name for S&R": "RegionalConditioningColorMask //Inspire"
      },
      "widgets_values": [
        "#0000ff",
        1,
        "default",
        "a photograph of couples,(photo realistic:1.2),masterpiece,oval face,cinematic lighting,with professional color grading, shot in 8K with a F2.4 aperture and 35mm lens,1girl wearing white wedding dress,1boy wearing black bussiness suit,in the garden,outdoor,"
      ],
      "color": "#223",
      "bgcolor": "#335"
    },
    {
      "id": 221,
      "type": "workflow/RedAreaIPA",
      "pos": [
        1136,
        898
      ],
      "size": {
        "0": 367.79998779296875,
        "1": 294
      },
      "flags": {},
      "order": 7,
      "mode": 0,
      "inputs": [
        {
          "name": "image",
          "type": "IMAGE",
          "link": 437
        },
        {
          "name": "color_mask",
          "type": "IMAGE",
          "link": 436
        }
      ],
      "outputs": [
        {
          "name": "REGIONAL_IPADAPTER",
          "type": "REGIONAL_IPADAPTER",
          "links": [
            441
          ],
          "shape": 3,
          "slot_index": 0
        },
        {
          "name": "MASK",
          "type": "MASK",
          "links": [
            438
          ],
          "shape": 3,
          "slot_index": 1
        }
      ],
      "properties": {
        "Node name for S&R": "workflow/RedAreaIPA"
      },
      "widgets_values": [
        "LANCZOS",
        "top",
        0,
        "#FF0000",
        1,
        0.1,
        "linear",
        0,
        1,
        false
      ],
      "color": "#322",
      "bgcolor": "#533"
    },
    {
      "id": 208,
      "type": "RegionalConditioningColorMask //Inspire",
      "pos": [
        19,
        489
      ],
      "size": {
        "0": 378,
        "1": 168
      },
      "flags": {},
      "order": 15,
      "mode": 0,
      "inputs": [
        {
          "name": "clip",
          "type": "CLIP",
          "link": 422
        },
        {
          "name": "color_mask",
          "type": "IMAGE",
          "link": 419
        }
      ],
      "outputs": [
        {
          "name": "CONDITIONING",
          "type": "CONDITIONING",
          "links": [
            411
          ],
          "shape": 3,
          "slot_index": 0
        },
        {
          "name": "MASK",
          "type": "MASK",
          "links": null,
          "shape": 3
        }
      ],
      "properties": {
        "Node name for S&R": "RegionalConditioningColorMask //Inspire"
      },
      "widgets_values": [
        "#FF0000",
        1.2,
        "default",
        "1boy wearing black_bussiness_suit"
      ],
      "color": "#322",
      "bgcolor": "#533"
    }
  ],
  "links": [
    [
      317,
      172,
      1,
      118,
      0,
      "MASK"
    ],
    [
      318,
      139,
      0,
      172,
      0,
      "IMAGE"
    ],
    [
      321,
      172,
      1,
      118,
      0,
      "MASK"
    ],
    [
      331,
      176,
      0,
      179,
      0,
      "MODEL"
    ],
    [
      335,
      176,
      3,
      180,
      3,
      "LATENT"
    ],
    [
      336,
      165,
      0,
      180,
      0,
      "MODEL"
    ],
    [
      338,
      176,
      2,
      180,
      2,
      "CONDITIONING"
    ],
    [
      339,
      176,
      4,
      180,
      4,
      "VAE"
    ],
    [
      352,
      183,
      0,
      172,
      1,
      "IMAGE"
    ],
    [
      353,
      179,
      0,
      165,
      0,
      "IPADAPTER_PIPE"
    ],
    [
      359,
      172,
      0,
      165,
      1,
      "REGIONAL_IPADAPTER"
    ],
    [
      363,
      139,
      0,
      186,
      0,
      "IMAGE"
    ],
    [
      364,
      186,
      0,
      176,
      2,
      "INT"
    ],
    [
      365,
      186,
      1,
      176,
      3,
      "INT"
    ],
    [
      382,
      198,
      0,
      180,
      1,
      "CONDITIONING"
    ],
    [
      384,
      175,
      0,
      198,
      1,
      "IMAGE"
    ],
    [
      394,
      180,
      5,
      25,
      0,
      "IMAGE"
    ],
    [
      410,
      210,
      0,
      214,
      0,
      "CONDITIONING"
    ],
    [
      411,
      208,
      0,
      214,
      1,
      "CONDITIONING"
    ],
    [
      416,
      211,
      0,
      217,
      0,
      "CONDITIONING"
    ],
    [
      417,
      214,
      0,
      217,
      1,
      "CONDITIONING"
    ],
    [
      418,
      217,
      0,
      198,
      0,
      "CONDITIONING"
    ],
    [
      419,
      139,
      0,
      208,
      1,
      "IMAGE"
    ],
    [
      420,
      139,
      0,
      210,
      1,
      "IMAGE"
    ],
    [
      421,
      139,
      0,
      211,
      1,
      "IMAGE"
    ],
    [
      422,
      176,
      5,
      208,
      0,
      "CLIP"
    ],
    [
      423,
      176,
      5,
      210,
      0,
      "CLIP"
    ],
    [
      424,
      176,
      5,
      211,
      0,
      "CLIP"
    ],
    [
      434,
      218,
      0,
      165,
      2,
      "REGIONAL_IPADAPTER"
    ],
    [
      435,
      218,
      1,
      116,
      0,
      "MASK"
    ],
    [
      436,
      139,
      0,
      221,
      1,
      "IMAGE"
    ],
    [
      437,
      78,
      0,
      221,
      0,
      "IMAGE"
    ],
    [
      438,
      221,
      1,
      119,
      0,
      "MASK"
    ],
    [
      439,
      77,
      0,
      218,
      0,
      "IMAGE"
    ],
    [
      440,
      139,
      0,
      218,
      1,
      "IMAGE"
    ],
    [
      441,
      221,
      0,
      165,
      3,
      "REGIONAL_IPADAPTER"
    ]
  ],
  "groups": [],
  "config": {},
  "extra": {
    "groupNodes": {
      "IPadapterpipeloader": {
        "nodes": [
          {
            "type": "CLIPVisionLoader",
            "pos": [
              572,
              790
            ],
            "size": {
              "0": 315,
              "1": 58
            },
            "flags": {},
            "order": 3,
            "mode": 0,
            "outputs": [
              {
                "name": "CLIP_VISION",
                "type": "CLIP_VISION",
                "links": [],
                "shape": 3
              }
            ],
            "properties": {
              "Node name for S&R": "CLIPVisionLoader"
            },
            "widgets_values": [
              "CLIP-ViT-H-14-laion2B-s32B-b79K .safetensors"
            ],
            "color": "#432",
            "bgcolor": "#653",
            "index": 0
          },
          {
            "type": "IPAdapterModelLoader",
            "pos": [
              569,
              688
            ],
            "size": {
              "0": 315,
              "1": 58
            },
            "flags": {},
            "order": 8,
            "mode": 0,
            "outputs": [
              {
                "name": "IPADAPTER",
                "type": "IPADAPTER",
                "links": [],
                "shape": 3
              }
            ],
            "properties": {
              "Node name for S&R": "IPAdapterModelLoader"
            },
            "widgets_values": [
              "ip-adapter-plus-face_sd15.safetensors"
            ],
            "color": "#432",
            "bgcolor": "#653",
            "index": 1
          },
          {
            "type": "ToIPAdapterPipe //Inspire",
            "pos": [
              912,
              754
            ],
            "size": {
              "0": 220,
              "1": 66
            },
            "flags": {},
            "order": 14,
            "mode": 0,
            "inputs": [
              {
                "name": "ipadapter",
                "type": "IPADAPTER",
                "link": null,
                "slot_index": 0
              },
              {
                "name": "clip_vision",
                "type": "CLIP_VISION",
                "link": null,
                "slot_index": 1
              },
              {
                "name": "model",
                "type": "MODEL",
                "link": null
              }
            ],
            "outputs": [
              {
                "name": "IPADAPTER_PIPE",
                "type": "IPADAPTER_PIPE",
                "links": [],
                "shape": 3,
                "slot_index": 0
              }
            ],
            "properties": {
              "Node name for S&R": "ToIPAdapterPipe //Inspire"
            },
            "index": 2
          }
        ],
        "links": [
          [
            1,
            0,
            2,
            0,
            69,
            "IPADAPTER"
          ],
          [
            0,
            0,
            2,
            1,
            70,
            "CLIP_VISION"
          ],
          [
            null,
            0,
            2,
            2,
            83,
            "MODEL"
          ]
        ],
        "external": [
          [
            2,
            0,
            "IPADAPTER_PIPE"
          ]
        ]
      },
      "controlnet": {
        "nodes": [
          {
            "type": "ControlNetLoader",
            "pos": [
              482,
              1308
            ],
            "size": {
              "0": 315,
              "1": 58
            },
            "flags": {},
            "order": 5,
            "mode": 0,
            "outputs": [
              {
                "name": "CONTROL_NET",
                "type": "CONTROL_NET",
                "links": [],
                "shape": 3
              }
            ],
            "properties": {
              "Node name for S&R": "ControlNetLoader"
            },
            "widgets_values": [
              "control_v11p_sd15_openpose.pth"
            ],
            "index": 0
          },
          {
            "type": "ControlNetApply",
            "pos": [
              478,
              1171
            ],
            "size": {
              "0": 317.4000244140625,
              "1": 98
            },
            "flags": {},
            "order": 22,
            "mode": 0,
            "inputs": [
              {
                "name": "conditioning",
                "type": "CONDITIONING",
                "link": null
              },
              {
                "name": "control_net",
                "type": "CONTROL_NET",
                "link": null,
                "slot_index": 1
              },
              {
                "name": "image",
                "type": "IMAGE",
                "link": null
              }
            ],
            "outputs": [
              {
                "name": "CONDITIONING",
                "type": "CONDITIONING",
                "links": [],
                "shape": 3,
                "slot_index": 0
              }
            ],
            "properties": {
              "Node name for S&R": "ControlNetApply"
            },
            "widgets_values": [
              1
            ],
            "index": 1
          }
        ],
        "links": [
          [
            null,
            0,
            1,
            0,
            194,
            "CONDITIONING"
          ],
          [
            0,
            0,
            1,
            1,
            197,
            "CONTROL_NET"
          ],
          [
            null,
            0,
            1,
            2,
            175,
            "IMAGE"
          ]
        ],
        "external": [
          [
            1,
            0,
            "CONDITIONING"
          ]
        ]
      },
      "GreenAreaIPA": {
        "nodes": [
          {
            "type": "PrepImageForClipVision",
            "pos": [
              1170,
              439
            ],
            "size": {
              "0": 315,
              "1": 106
            },
            "flags": {},
            "order": 7,
            "mode": 0,
            "inputs": [
              {
                "name": "image",
                "type": "IMAGE",
                "link": null
              }
            ],
            "outputs": [
              {
                "name": "IMAGE",
                "type": "IMAGE",
                "links": [],
                "shape": 3,
                "slot_index": 0
              }
            ],
            "properties": {
              "Node name for S&R": "PrepImageForClipVision"
            },
            "widgets_values": [
              "LANCZOS",
              "center",
              0
            ],
            "color": "#232",
            "bgcolor": "#353",
            "index": 0
          },
          {
            "type": "RegionalIPAdapterColorMask //Inspire",
            "pos": [
              1141,
              589
            ],
            "size": {
              "0": 367.79998779296875,
              "1": 222
            },
            "flags": {},
            "order": 11,
            "mode": 0,
            "inputs": [
              {
                "name": "color_mask",
                "type": "IMAGE",
                "link": null
              },
              {
                "name": "image",
                "type": "IMAGE",
                "link": null
              }
            ],
            "outputs": [
              {
                "name": "REGIONAL_IPADAPTER",
                "type": "REGIONAL_IPADAPTER",
                "links": [],
                "shape": 3,
                "slot_index": 0
              },
              {
                "name": "MASK",
                "type": "MASK",
                "links": [],
                "shape": 3,
                "slot_index": 1
              }
            ],
            "properties": {
              "Node name for S&R": "RegionalIPAdapterColorMask //Inspire"
            },
            "widgets_values": [
              "#00FF00",
              1,
              0.1,
              "linear",
              0.001,
              1,
              false
            ],
            "color": "#232",
            "bgcolor": "#353",
            "index": 1
          }
        ],
        "links": [
          [
            null,
            0,
            0,
            0,
            77,
            "IMAGE"
          ],
          [
            null,
            0,
            1,
            0,
            139,
            "IMAGE"
          ],
          [
            0,
            0,
            1,
            1,
            187,
            "IMAGE"
          ]
        ],
        "external": [
          [
            1,
            0,
            "REGIONAL_IPADAPTER"
          ],
          [
            1,
            1,
            "MASK"
          ]
        ]
      },
      "RedAreaIPA": {
        "nodes": [
          {
            "type": "PrepImageForClipVision",
            "pos": [
              1184,
              872
            ],
            "size": {
              "0": 315,
              "1": 106
            },
            "flags": {},
            "order": 5,
            "mode": 0,
            "inputs": [
              {
                "name": "image",
                "type": "IMAGE",
                "link": null
              }
            ],
            "outputs": [
              {
                "name": "IMAGE",
                "type": "IMAGE",
                "links": [],
                "shape": 3,
                "slot_index": 0
              }
            ],
            "properties": {
              "Node name for S&R": "PrepImageForClipVision"
            },
            "widgets_values": [
              "LANCZOS",
              "top",
              0
            ],
            "color": "#322",
            "bgcolor": "#533",
            "index": 0
          },
          {
            "type": "RegionalIPAdapterColorMask //Inspire",
            "pos": [
              1156,
              1018
            ],
            "size": {
              "0": 367.79998779296875,
              "1": 222
            },
            "flags": {},
            "order": 9,
            "mode": 0,
            "inputs": [
              {
                "name": "color_mask",
                "type": "IMAGE",
                "link": null
              },
              {
                "name": "image",
                "type": "IMAGE",
                "link": null
              }
            ],
            "outputs": [
              {
                "name": "REGIONAL_IPADAPTER",
                "type": "REGIONAL_IPADAPTER",
                "links": [],
                "shape": 3,
                "slot_index": 0
              },
              {
                "name": "MASK",
                "type": "MASK",
                "links": [],
                "shape": 3,
                "slot_index": 1
              }
            ],
            "properties": {
              "Node name for S&R": "RegionalIPAdapterColorMask //Inspire"
            },
            "widgets_values": [
              "#FF0000",
              1,
              0.1,
              "linear",
              0,
              1,
              false
            ],
            "color": "#322",
            "bgcolor": "#533",
            "index": 1
          }
        ],
        "links": [
          [
            null,
            0,
            0,
            0,
            78,
            "IMAGE"
          ],
          [
            null,
            0,
            1,
            0,
            139,
            "IMAGE"
          ],
          [
            0,
            0,
            1,
            1,
            188,
            "IMAGE"
          ]
        ],
        "external": [
          [
            1,
            0,
            "REGIONAL_IPADAPTER"
          ],
          [
            1,
            1,
            "MASK"
          ]
        ]
      }
    }
  },
  "version": 0.4
}